USE stockify;
/*Insert Almacen*/
INSERT INTO Almacen (nombre, cp, tlf, capacidad, direccion) VALUES ('Almacen central', '46009', '963661177', '500', 'C/Ejemplo, numero 36');
INSERT INTO Almacen (nombre, cp, tlf, capacidad, direccion) VALUES ('Tienda Paterna', '46980', '963762178', '50', 'C/Falsa, numero 3');
INSERT INTO Almacen (nombre, cp, tlf, capacidad, direccion) VALUES ('Tienda Catarroja', '46470', '963661177', '25', 'Av/Ejemplo, numero 6');
INSERT INTO Almacen (nombre, cp, tlf, capacidad, direccion) VALUES ('Tienda Puçol', '46530', '963661177', '50', 'Av/Falsa, numero 100');
/*Insert Ubicacion*/
INSERT INTO Ubicacion (zona, pasillo, estanteria, altura, id_almacen) VALUES ('A', '001', '001', '1', '1');
INSERT INTO Ubicacion (zona, pasillo, estanteria, altura, id_almacen) VALUES ('A', '001', '001', '2', '1');
INSERT INTO Ubicacion (zona, pasillo, estanteria, altura, id_almacen) VALUES ('A', '001', '001', '3', '1');

INSERT INTO Ubicacion (zona, pasillo, estanteria, altura, id_almacen) VALUES ('A', '001', '002', '1', '1');
INSERT INTO Ubicacion (zona, pasillo, estanteria, altura, id_almacen) VALUES ('A', '001', '002', '2', '1');
INSERT INTO Ubicacion (zona, pasillo, estanteria, altura, id_almacen) VALUES ('A', '001', '002', '3', '1');

INSERT INTO Ubicacion (zona, pasillo, estanteria, altura, id_almacen) VALUES ('A', '001', '003', '1', '1');
INSERT INTO Ubicacion (zona, pasillo, estanteria, altura, id_almacen) VALUES ('A', '001', '003', '2', '1');
INSERT INTO Ubicacion (zona, pasillo, estanteria, altura, id_almacen) VALUES ('A', '001', '003', '3', '1');

INSERT INTO Ubicacion (zona, pasillo, estanteria, altura, id_almacen) VALUES ('A', '001', '004', '1', '1');
INSERT INTO Ubicacion (zona, pasillo, estanteria, altura, id_almacen) VALUES ('A', '001', '004', '2', '1');
INSERT INTO Ubicacion (zona, pasillo, estanteria, altura, id_almacen) VALUES ('A', '001', '004', '3', '1');

INSERT INTO Ubicacion (zona, pasillo, estanteria, altura, id_almacen) VALUES ('A', '001', '005', '1', '1');
INSERT INTO Ubicacion (zona, pasillo, estanteria, altura, id_almacen) VALUES ('A', '001', '005', '2', '1');
INSERT INTO Ubicacion (zona, pasillo, estanteria, altura, id_almacen) VALUES ('A', '001', '005', '3', '1');

INSERT INTO Ubicacion (zona, pasillo, estanteria, altura, id_almacen) VALUES ('A', '001', '006', '1', '1');
INSERT INTO Ubicacion (zona, pasillo, estanteria, altura, id_almacen) VALUES ('A', '001', '006', '2', '1');
INSERT INTO Ubicacion (zona, pasillo, estanteria, altura, id_almacen) VALUES ('A', '001', '006', '3', '1');

INSERT INTO Ubicacion (zona, pasillo, estanteria, altura, id_almacen) VALUES ('A', '001', '007', '1', '1');
INSERT INTO Ubicacion (zona, pasillo, estanteria, altura, id_almacen) VALUES ('A', '001', '007', '2', '1');
INSERT INTO Ubicacion (zona, pasillo, estanteria, altura, id_almacen) VALUES ('A', '001', '007', '3', '1');

INSERT INTO Ubicacion (zona, pasillo, estanteria, altura, id_almacen) VALUES ('A', '001', '008', '1', '1');
INSERT INTO Ubicacion (zona, pasillo, estanteria, altura, id_almacen) VALUES ('A', '001', '008', '2', '1');
INSERT INTO Ubicacion (zona, pasillo, estanteria, altura, id_almacen) VALUES ('A', '001', '008', '3', '1');

INSERT INTO Ubicacion (zona, pasillo, estanteria, altura, id_almacen) VALUES ('A', '001', '009', '1', '1');
INSERT INTO Ubicacion (zona, pasillo, estanteria, altura, id_almacen) VALUES ('A', '001', '009', '2', '1');
INSERT INTO Ubicacion (zona, pasillo, estanteria, altura, id_almacen) VALUES ('A', '001', '009', '3', '1');

INSERT INTO Ubicacion (zona, pasillo, estanteria, altura, id_almacen) VALUES ('A', '001', '010', '1', '1');
INSERT INTO Ubicacion (zona, pasillo, estanteria, altura, id_almacen) VALUES ('A', '001', '010', '2', '1');
INSERT INTO Ubicacion (zona, pasillo, estanteria, altura, id_almacen) VALUES ('A', '001', '010', '3', '1');

INSERT INTO Ubicacion (zona, pasillo, estanteria, altura, id_almacen) VALUES ('A', '001', '011', '1', '1');
INSERT INTO Ubicacion (zona, pasillo, estanteria, altura, id_almacen) VALUES ('A', '001', '011', '2', '1');
INSERT INTO Ubicacion (zona, pasillo, estanteria, altura, id_almacen) VALUES ('A', '001', '011', '3', '1');

INSERT INTO Ubicacion (zona, pasillo, estanteria, altura, id_almacen) VALUES ('A', '001', '012', '1', '1');
INSERT INTO Ubicacion (zona, pasillo, estanteria, altura, id_almacen) VALUES ('A', '001', '012', '2', '1');
INSERT INTO Ubicacion (zona, pasillo, estanteria, altura, id_almacen) VALUES ('A', '001', '012', '3', '1');

INSERT INTO Ubicacion (zona, pasillo, estanteria, altura, id_almacen) VALUES ('A', '001', '013', '1', '1');
INSERT INTO Ubicacion (zona, pasillo, estanteria, altura, id_almacen) VALUES ('A', '001', '013', '2', '1');
INSERT INTO Ubicacion (zona, pasillo, estanteria, altura, id_almacen) VALUES ('A', '001', '013', '3', '1');

INSERT INTO Ubicacion (zona, pasillo, estanteria, altura, id_almacen) VALUES ('A', '001', '014', '1', '1');
INSERT INTO Ubicacion (zona, pasillo, estanteria, altura, id_almacen) VALUES ('A', '001', '014', '2', '1');
INSERT INTO Ubicacion (zona, pasillo, estanteria, altura, id_almacen) VALUES ('A', '001', '014', '3', '1');

INSERT INTO Ubicacion (zona, pasillo, estanteria, altura, id_almacen) VALUES ('A', '001', '001', '1', '2');
INSERT INTO Ubicacion (zona, pasillo, estanteria, altura, id_almacen) VALUES ('A', '001', '001', '2', '2');
INSERT INTO Ubicacion (zona, pasillo, estanteria, altura, id_almacen) VALUES ('A', '001', '001', '3', '2');

INSERT INTO Ubicacion (zona, pasillo, estanteria, altura, id_almacen) VALUES ('A', '001', '002', '1', '2');
INSERT INTO Ubicacion (zona, pasillo, estanteria, altura, id_almacen) VALUES ('A', '001', '002', '2', '2');
INSERT INTO Ubicacion (zona, pasillo, estanteria, altura, id_almacen) VALUES ('A', '001', '002', '3', '2');

INSERT INTO Ubicacion (zona, pasillo, estanteria, altura, id_almacen) VALUES ('A', '001', '003', '1', '2');
INSERT INTO Ubicacion (zona, pasillo, estanteria, altura, id_almacen) VALUES ('A', '001', '003', '2', '2');
INSERT INTO Ubicacion (zona, pasillo, estanteria, altura, id_almacen) VALUES ('A', '001', '003', '3', '2');

INSERT INTO Ubicacion (zona, pasillo, estanteria, altura, id_almacen) VALUES ('A', '001', '004', '1', '2');
INSERT INTO Ubicacion (zona, pasillo, estanteria, altura, id_almacen) VALUES ('A', '001', '004', '2', '2');
INSERT INTO Ubicacion (zona, pasillo, estanteria, altura, id_almacen) VALUES ('A', '001', '004', '3', '2');

INSERT INTO Ubicacion (zona, pasillo, estanteria, altura, id_almacen) VALUES ('A', '001', '005', '1', '2');
INSERT INTO Ubicacion (zona, pasillo, estanteria, altura, id_almacen) VALUES ('A', '001', '005', '2', '2');
INSERT INTO Ubicacion (zona, pasillo, estanteria, altura, id_almacen) VALUES ('A', '001', '005', '3', '2');

INSERT INTO Ubicacion (zona, pasillo, estanteria, altura, id_almacen) VALUES ('A', '001', '006', '1', '2');
INSERT INTO Ubicacion (zona, pasillo, estanteria, altura, id_almacen) VALUES ('A', '001', '006', '2', '2');
INSERT INTO Ubicacion (zona, pasillo, estanteria, altura, id_almacen) VALUES ('A', '001', '006', '3', '2');

INSERT INTO Ubicacion (zona, pasillo, estanteria, altura, id_almacen) VALUES ('A', '001', '007', '1', '2');
INSERT INTO Ubicacion (zona, pasillo, estanteria, altura, id_almacen) VALUES ('A', '001', '007', '2', '2');
INSERT INTO Ubicacion (zona, pasillo, estanteria, altura, id_almacen) VALUES ('A', '001', '007', '3', '3');

INSERT INTO Ubicacion (zona, pasillo, estanteria, altura, id_almacen) VALUES ('A', '001', '008', '1', '3');
INSERT INTO Ubicacion (zona, pasillo, estanteria, altura, id_almacen) VALUES ('A', '001', '008', '2', '3');
INSERT INTO Ubicacion (zona, pasillo, estanteria, altura, id_almacen) VALUES ('A', '001', '008', '3', '3');

INSERT INTO Ubicacion (zona, pasillo, estanteria, altura, id_almacen) VALUES ('A', '001', '009', '1', '3');
INSERT INTO Ubicacion (zona, pasillo, estanteria, altura, id_almacen) VALUES ('A', '001', '009', '2', '3');
INSERT INTO Ubicacion (zona, pasillo, estanteria, altura, id_almacen) VALUES ('A', '001', '009', '3', '3');

INSERT INTO Ubicacion (zona, pasillo, estanteria, altura, id_almacen) VALUES ('A', '001', '010', '1', '3');
INSERT INTO Ubicacion (zona, pasillo, estanteria, altura, id_almacen) VALUES ('A', '001', '010', '2', '3');
INSERT INTO Ubicacion (zona, pasillo, estanteria, altura, id_almacen) VALUES ('A', '001', '010', '3', '3');

INSERT INTO Ubicacion (zona, pasillo, estanteria, altura, id_almacen) VALUES ('A', '001', '011', '1', '3');
INSERT INTO Ubicacion (zona, pasillo, estanteria, altura, id_almacen) VALUES ('A', '001', '011', '2', '3');
INSERT INTO Ubicacion (zona, pasillo, estanteria, altura, id_almacen) VALUES ('A', '001', '011', '3', '3');

INSERT INTO Ubicacion (zona, pasillo, estanteria, altura, id_almacen) VALUES ('A', '001', '012', '1', '3');
INSERT INTO Ubicacion (zona, pasillo, estanteria, altura, id_almacen) VALUES ('A', '001', '012', '2', '3');
INSERT INTO Ubicacion (zona, pasillo, estanteria, altura, id_almacen) VALUES ('A', '001', '012', '3', '3');

INSERT INTO Ubicacion (zona, pasillo, estanteria, altura, id_almacen) VALUES ('A', '001', '013', '1', '3');
INSERT INTO Ubicacion (zona, pasillo, estanteria, altura, id_almacen) VALUES ('A', '001', '013', '2', '3');
INSERT INTO Ubicacion (zona, pasillo, estanteria, altura, id_almacen) VALUES ('A', '001', '013', '3', '3');

INSERT INTO Ubicacion (zona, pasillo, estanteria, altura, id_almacen) VALUES ('A', '001', '014', '1', '3');
/*Insert empleados*/
INSERT INTO empleado (userId, userPwd, securePwd, nombre, almacen_id)
VALUES (001, '1234', '$2y$10$hHcBvCH5nC2.S3pVECuJre5bftuengicz7LFAGn/KO/shHzasvNQy', 'Fulgencio', 1);

INSERT INTO empleado (userId, userPwd, securePwd, nombre, almacen_id)
VALUES (002, '1111', '$2y$10$nJWPXs.4vQQ9Poa2rSVhWeW/EM3KsMKvYV/hgNyy7oTqjHdJtHulO', 'Soledad', 2);

INSERT INTO empleado (userId, userPwd, securePwd, nombre, almacen_id)
VALUES (003, '2222', '$2y$10$VvE/EfZM5xOEhA7SVLyhcOepO.TcZd/YHXiW1d9CSFBIizZTrSd2e', 'Roberto', 3);

INSERT INTO empleado (userId, userPwd, securePwd, nombre, almacen_id)
VALUES (004, '3333', '$2y$10$2sx.P.EkoPkh2/YdMhmB2.B4I13HwfrGDcoTiOeqVBDG2kT5HBjra', 'Salvador', 4);
/*Insert producto*/
INSERT INTO productos (Ref, p_compra, p_venta, marca, modelo, peso, f_rota, dimensiones, proveedor, color)
VALUES ('00001', 200, 350, 'LG', 'Frigorifico A+++ No Frost', 80, 'Bajo', 600, 'ACME Inc.', 'Acero inoxidable');

INSERT INTO productos (Ref, p_compra, p_venta, marca, modelo, peso, f_rota, dimensiones, proveedor, color)
VALUES ('00002', 180, 320, 'Samsung', 'Lavadora EcoBubble 8 Kg', 65, 'Bajo', 550, 'BetaCorp', 'Blanco');

INSERT INTO productos (Ref, p_compra, p_venta, marca, modelo, peso, f_rota, dimensiones, proveedor, color)
VALUES ('00003', 250, 480, 'Bosch', 'Lavavajillas SilencePlus 48dB', 45, 'Medio', 598, 'Gamma Inc.', 'Plateado');

INSERT INTO productos (Ref, p_compra, p_venta, marca, modelo, peso, f_rota, dimensiones, proveedor, color)
VALUES ('00004', 400, 699, 'Sony', 'TV LED 4K 55"', 15, 'Alto', 710, 'ACME Inc.', 'Negro');

INSERT INTO productos (Ref, p_compra, p_venta, marca, modelo, peso, f_rota, dimensiones, proveedor, color)
VALUES ('00005', 60, 120, 'Orbegozo', 'Microondas 700W', 10, 'Alto', 345, 'BetaCorp', 'Blanco');

INSERT INTO productos (Ref, p_compra, p_venta, marca, modelo, peso, f_rota, dimensiones, proveedor, color)
VALUES ('00006', 280, 499, 'LG', 'TV OLED 4K 65"', 22, 'Medio', 832, 'Gamma Inc.', 'Plateado');

INSERT INTO productos (Ref, p_compra, p_venta, marca, modelo, peso, f_rota, dimensiones, proveedor, color)
VALUES ('00007', 70, 135, 'Taurus', 'Cafetera goteo 12 tazas', 2, 'Alto', 220, 'ACME Inc.', 'Negro');

INSERT INTO productos (Ref, p_compra, p_venta, marca, modelo, peso, f_rota, dimensiones, proveedor, color)
VALUES ('00008', 300, 549, 'Samsung', 'Frigorifico Side-by-Side', 100, 'Bajo', 716, 'BetaCorp', 'Negro');

INSERT INTO productos (Ref, p_compra, p_venta, marca, modelo, peso, f_rota, dimensiones, proveedor, color)
VALUES ('00009', 120, 199, 'Orbegozo', 'Ventilador de pie 40cm', 4, 'Medio', 430, 'Gamma Inc.', 'Negro');

INSERT INTO productos (Ref, p_compra, p_venta, marca, modelo, peso, f_rota, dimensiones, proveedor, color)
VALUES ('00010', 150, 299, 'Bosch', 'Cocina de gas 4 fuegos', 30, 'Bajo', 600, 'ACME Inc.', 'Blanco');

INSERT INTO productos (Ref, p_compra, p_venta, marca, modelo, peso, f_rota, dimensiones, proveedor, color)
VALUES ('00011', 80, 149, 'Taurus', 'Plancha de vapor 2200W', 1.5, 'Medio', 285, 'BetaCorp', 'Azul');

INSERT INTO productos (Ref, p_compra, p_venta, marca, modelo, peso, f_rota, dimensiones, proveedor, color)
VALUES ('00012', 350, 599, 'LG', 'Frigorifico French Door', 120, 'Bajo', 1790, 'Gamma Inc.', 'Inoxidable');

INSERT INTO productos (Ref, p_compra, p_venta, marca, modelo, peso, f_rota, dimensiones, proveedor, color)
VALUES ('00013', 25, 49, 'Orbegozo', 'Placa de cocina electrica', 5, 'Alto', 520, 'ACME Inc.', 'Negro');

INSERT INTO productos (Ref, p_compra, p_venta, marca, modelo, peso, f_rota, dimensiones, proveedor, color)
VALUES ('00014', 90, 169, 'Bosch', 'Batidora de mano 800W', 1, 'Medio', 30, 'BetaCorp', 'Rojo');

INSERT INTO productos (Ref, p_compra, p_venta, marca, modelo, peso, f_rota, dimensiones, proveedor, color)
VALUES ('00015', 200, 399, 'Samsung', 'Frigorifico Americano', 150, 'Bajo', 1790, 'Gamma Inc.', 'Inoxidable');

INSERT INTO productos (Ref, p_compra, p_venta, marca, modelo, peso, f_rota, dimensiones, proveedor, color)
VALUES ('00016', 30, 59, 'Taurus', 'Tostador de pan 2 rebanadas', 1, 'Alto', 70, 'ACME Inc.', 'Negro');

INSERT INTO productos (Ref, p_compra, p_venta, marca, modelo, peso, f_rota, dimensiones, proveedor, color)
VALUES ('00017', 400, 749, 'LG', 'TV FHD 75"', 30, 'Medio', 100, 'ACME Inc.', 'Negro');

INSERT INTO productos (Ref, p_compra, p_venta, marca, modelo, peso, f_rota, dimensiones, proveedor, color)
VALUES ('00018', 220, 399, 'Bosch', 'Robot de cocina 1000W', 5, 'Alto', 320, 'Gamma Inc.', 'Plateado');

INSERT INTO productos (Ref, p_compra, p_venta, marca, modelo, peso, f_rota, dimensiones, proveedor, color)
VALUES ('00019', 60, 119, 'Orbegozo', 'Plancha de asar 2000W', 3, 'Medio', 460, 'BetaCorp', 'Negro');

INSERT INTO productos (Ref, p_compra, p_venta, marca, modelo, peso, f_rota, dimensiones, proveedor, color)
VALUES ('00020', 800, 1399, 'Samsung', 'TV QLED 8K 98"', 60, 'Medio', 2178, 'ACME Inc.', 'Negro');

INSERT INTO productos (Ref, p_compra, p_venta, marca, modelo, peso, f_rota, dimensiones, proveedor, color)
VALUES ('00021', 250, 449, 'Orbegozo', 'Batidora de vaso BV 6500', 3, 'Bajo', 225, 'BetaCorp', 'Acero inoxidable');

INSERT INTO productos (Ref, p_compra, p_venta, marca, modelo, peso, f_rota, dimensiones, proveedor, color)
VALUES ('00022', 400, 749, 'Samsung', 'TV QLED 4K 75"', 30, 'Bajo', 1672, 'Gamma Inc.', 'Negro');

INSERT INTO productos (Ref, p_compra, p_venta, marca, modelo, peso, f_rota, dimensiones, proveedor, color)
VALUES ('00023', 150, 299, 'Philips', 'Plancha de vapor GC5039/30', 1.5, 'Alto', 310, 'ACME Inc.', 'Negro');

INSERT INTO productos (Ref, p_compra, p_venta, marca, modelo, peso, f_rota, dimensiones, proveedor, color)
VALUES ('00024', 500, 899, 'Bosch', 'Horno multifuncion Serie 4', 35, 'Medio', 595, 'BetaCorp', 'Acero inoxidable');

INSERT INTO productos (Ref, p_compra, p_venta, marca, modelo, peso, f_rota, dimensiones, proveedor, color)
VALUES ('00025', 80, 159, 'Orbegozo', 'Exprimidor electrico EP 4000', 2, 'Alto', 225, 'Gamma Inc.', 'Blanco');

INSERT INTO productos (Ref, p_compra, p_venta, marca, modelo, peso, f_rota, dimensiones, proveedor, color)
VALUES ('00026', 120, 249, 'Taurus', 'Batidora amasadora Prima', 2.5, 'Bajo', 240, 'ACME Inc.', 'Blanco');

INSERT INTO productos (Ref, p_compra, p_venta, marca, modelo, peso, f_rota, dimensiones, proveedor, color)
VALUES ('00027', 80, 169, 'Philips', 'Plancha de vapor ComfortTouch', 1.2, 'Medio', 290, 'BetaCorp', 'Azul');

INSERT INTO productos (Ref, p_compra, p_venta, marca, modelo, peso, f_rota, dimensiones, proveedor, color)
VALUES ('00028', 300, 549, 'Bosch', 'Horno multifuncion Serie 4', 25, 'Bajo', 595, 'Gamma Inc.', 'Negro');

INSERT INTO productos (Ref, p_compra, p_venta, marca, modelo, peso, f_rota, dimensiones, proveedor, color)
VALUES ('00029', 40, 79, 'Taurus', 'Sandwichera Grill', 1.5, 'Alto', 240, 'ACME Inc.', 'Negro');

INSERT INTO productos (Ref, p_compra, p_venta, marca, modelo, peso, f_rota, dimensiones, proveedor, color)
VALUES ('00030', 600, 1099, 'Samsung', 'TV LED 8K 65"', 20, 'Medio', 1449, 'BetaCorp', 'Negro');
/*Insert esta*/
INSERT INTO esta (ref, almacen_id, id_ubi) 
VALUES ('00001',1,1);
INSERT INTO esta (ref, almacen_id, id_ubi) 
VALUES ('00002',1,2);
INSERT INTO esta (ref, almacen_id, id_ubi) 
VALUES ('00002',1,3);
INSERT INTO esta (ref, almacen_id, id_ubi) 
VALUES ('00002',1,4);
INSERT INTO esta (ref, almacen_id, id_ubi) 
VALUES ('00002',1,5);
INSERT INTO esta (ref, almacen_id, id_ubi) 
VALUES ('00002',1,6);
INSERT INTO esta (ref, almacen_id, id_ubi) 
VALUES ('00002',1,7);
INSERT INTO esta (ref, almacen_id, id_ubi) 
VALUES ('00002',1,8);
INSERT INTO esta (ref, almacen_id, id_ubi) 
VALUES ('00002',1,9);
INSERT INTO esta (ref, almacen_id, id_ubi) 
VALUES ('00002',1,10);
INSERT INTO esta (ref, almacen_id, id_ubi) 
VALUES ('00002',1,11);

INSERT INTO esta (ref, almacen_id, id_ubi) 
VALUES ('00002',4,12);
INSERT INTO esta (ref, almacen_id, id_ubi) 
VALUES ('00002',4,13);
INSERT INTO esta (ref, almacen_id, id_ubi) 
VALUES ('00002',4,14);
INSERT INTO esta (ref, almacen_id, id_ubi) 
VALUES ('00002',4,15);
INSERT INTO esta (ref, almacen_id, id_ubi) 
VALUES ('00002',4,16);
INSERT INTO esta (ref, almacen_id, id_ubi) 
VALUES ('00002',4,17);
INSERT INTO esta (ref, almacen_id, id_ubi) 
VALUES ('00002',4,18);
INSERT INTO esta (ref, almacen_id, id_ubi) 
VALUES ('00002',4,19);
INSERT INTO esta (ref, almacen_id, id_ubi) 
VALUES ('00002',4,20);
INSERT INTO esta (ref, almacen_id, id_ubi) 
VALUES ('00002',4,21);
INSERT INTO esta (ref, almacen_id, id_ubi) 
VALUES ('00002',4,22);

INSERT INTO esta (ref, almacen_id, id_ubi) VALUES ('00003', 2, 43);
INSERT INTO esta (ref, almacen_id, id_ubi) VALUES ('00003', 2, 44);
INSERT INTO esta (ref, almacen_id, id_ubi) VALUES ('00003', 2, 45);
INSERT INTO esta (ref, almacen_id, id_ubi) VALUES ('00003', 2, 46);
INSERT INTO esta (ref, almacen_id, id_ubi) VALUES ('00003', 2, 47);
INSERT INTO esta (ref, almacen_id, id_ubi) VALUES ('00003', 2, 48);
INSERT INTO esta (ref, almacen_id, id_ubi) VALUES ('00003', 2, 49);
INSERT INTO esta (ref, almacen_id, id_ubi) VALUES ('00003', 2, 50);
INSERT INTO esta (ref, almacen_id, id_ubi) VALUES ('00003', 2, 51);
INSERT INTO esta (ref, almacen_id, id_ubi) VALUES ('00003', 2, 52);
INSERT INTO esta (ref, almacen_id, id_ubi) VALUES ('00003', 2, 53);
INSERT INTO esta (ref, almacen_id, id_ubi) VALUES ('00003', 2, 54);
INSERT INTO esta (ref, almacen_id, id_ubi) VALUES ('00003', 2, 55);
INSERT INTO esta (ref, almacen_id, id_ubi) VALUES ('00003', 2, 56);
INSERT INTO esta (ref, almacen_id, id_ubi) VALUES ('00003', 2, 57);
INSERT INTO esta (ref, almacen_id, id_ubi) VALUES ('00003', 2, 58);
INSERT INTO esta (ref, almacen_id, id_ubi) VALUES ('00003', 2, 59);
INSERT INTO esta (ref, almacen_id, id_ubi) VALUES ('00003', 2, 60);
INSERT INTO esta (ref, almacen_id, id_ubi) VALUES ('00003', 2, 61);
INSERT INTO esta (ref, almacen_id, id_ubi) VALUES ('00003', 2, 62);


INSERT INTO esta (ref, almacen_id, id_ubi) VALUES ('00003', 3, 63);
INSERT INTO esta (ref, almacen_id, id_ubi) VALUES ('00006', 3, 64);
INSERT INTO esta (ref, almacen_id, id_ubi) VALUES ('00002', 3, 65);
INSERT INTO esta (ref, almacen_id, id_ubi) VALUES ('00005', 3, 66);
INSERT INTO esta (ref, almacen_id, id_ubi) VALUES ('00004', 3, 67);
INSERT INTO esta (ref, almacen_id, id_ubi) VALUES ('00001', 3, 68);
INSERT INTO esta (ref, almacen_id, id_ubi) VALUES ('00008', 3, 69);
INSERT INTO esta (ref, almacen_id, id_ubi) VALUES ('00007', 3, 70);
INSERT INTO esta (ref, almacen_id, id_ubi) VALUES ('00009', 3, 71);
INSERT INTO esta (ref, almacen_id, id_ubi) VALUES ('00002', 3, 72);
INSERT INTO esta (ref, almacen_id, id_ubi) VALUES ('00005', 3, 73);
INSERT INTO esta (ref, almacen_id, id_ubi) VALUES ('00003', 3, 74);
INSERT INTO esta (ref, almacen_id, id_ubi) VALUES ('00001', 3, 75);
INSERT INTO esta (ref, almacen_id, id_ubi) VALUES ('00007', 3, 76);
INSERT INTO esta (ref, almacen_id, id_ubi) VALUES ('00006', 3, 77);
INSERT INTO esta (ref, almacen_id, id_ubi) VALUES ('00008', 3, 78);
INSERT INTO esta (ref, almacen_id, id_ubi) VALUES ('00009', 3, 79);
INSERT INTO esta (ref, almacen_id, id_ubi) VALUES ('00004', 3, 80);
INSERT INTO esta (ref, almacen_id, id_ubi) VALUES ('00001', 3, 81);
INSERT INTO esta (ref, almacen_id, id_ubi) VALUES ('00003', 3, 82);



/*Insert Incidencias*/
INSERT INTO incidencias (fecha_hora, descripcion, almacen_id, ref) 
VALUES ('2023-05-11 10:30:00','El Manolo ha atropellado a Guillermo. Es la tercera vez este mes y encima han roto una nevera',1,'00001');
INSERT INTO incidencias (fecha_hora, descripcion, almacen_id, ref) 
VALUES ('2023-05-11 10:50:00','El Manolo ha atropellado a Guillermo. Es la cuarta vez este mes y encima han roto una nevera',2,'00002');
INSERT INTO incidencias (fecha_hora, descripcion, almacen_id, ref) 
VALUES ('2023-05-11 11:00:00','El Manolo ha atropellado a Guillermo. Es la quinta vez este mes y encima han roto una nevera',3,'00003');
INSERT INTO incidencias (fecha_hora, descripcion, almacen_id, ref) 
VALUES ('2023-05-11 12:30:00','El Manolo ha atropellado a Guillermo. Es la sexta vez este mes y encima han roto una nevera',4,'00004');
/*Insert tiene*/
INSERT INTO tiene (cant, almacen_id, ref) 
VALUES (10,1,'00010');
INSERT INTO tiene (cant, almacen_id, ref) 
VALUES (2,1,'00004');
INSERT INTO tiene (cant, almacen_id, ref) 
VALUES (34,2,'00003');
INSERT INTO tiene (cant, almacen_id, ref) 
VALUES (2,3,'00004');
INSERT INTO tiene (cant, almacen_id, ref) 
VALUES (2,4,'00005');
/*Insert mueve*/
INSERT INTO mueve (fecha, id_almacen, idProducto,cant, realizado) 
VALUES ('2023-05-11',1,'00002',10,0);
INSERT INTO mueve (fecha, id_almacen, idProducto,cant, realizado) 
VALUES ('2023-08-13',2,'00003',20,0);
INSERT INTO mueve (fecha, id_almacen, idProducto,cant,  realizado) 
VALUES ('2023-01-24',3,'00004',12,0);
INSERT INTO mueve (fecha, id_almacen, idProducto,cant,  realizado) 
VALUES ('2023-02-27',4,'00005',1,0);
INSERT INTO mueve (fecha, id_almacen, idProducto,cant,  realizado) 
VALUES ('2023-04-30',1,'00006',2,0);
INSERT INTO mueve (fecha, id_almacen, idProducto,cant,  realizado) 
VALUES ('2023-01-25',1,'00007',45,0);
INSERT INTO mueve (fecha, id_almacen, idProducto,cant,  realizado) 
VALUES ('2023-03-21',1,'00008',32,0);
INSERT INTO mueve (fecha, id_almacen, idProducto,cant,  realizado) 
VALUES ('2023-02-27',1,'00009',10,0);
INSERT INTO mueve (fecha, id_almacen, idProducto,cant,  realizado) 
VALUES ('2023-01-20',1,'00010',8,0);